cve,pkg,truth,pipe,match_strict,match_loose
CVE-2011-4592,MarkupSafe,DIRECT,REACHABLE,True,True
CVE-2017-18342,PyYAML,DIRECT,REACHABLE,True,True
CVE-2018-1000656,Flask,DIRECT,REACHABLE,True,True
CVE-2018-1000805,paramiko,DIRECT,REACHABLE,True,True
CVE-2018-1000807,pyOpenSSL,DIRECT,REACHABLE,True,True
CVE-2018-15869,boto3,dead,FILTERED,True,True
CVE-2018-18074,requests,DIRECT,REACHABLE,True,True
CVE-2019-10906,Jinja2,TRANSITIVE,FILTERED,True,False
CVE-2019-11324,urllib3,DIRECT,REACHABLE,True,True
CVE-2019-14433,pycparser,dead,FILTERED,True,True
CVE-2019-18874,psutil,dead,FILTERED,True,True
CVE-2019-19844,Django,dead,FILTERED,True,True
CVE-2019-20907,defusedxml,DIRECT,REACHABLE,True,True
CVE-2019-7548,SQLAlchemy,DIRECT,REACHABLE,True,True
CVE-2020-10177,Pillow,DIRECT,REACHABLE,True,True
CVE-2020-36242,cryptography,DIRECT,REACHABLE,True,True
CVE-2021-21238,pysaml2,DIRECT,REACHABLE,True,True
CVE-2021-23727,celery,DIRECT,REACHABLE,True,True
CVE-2021-29510,pydantic,DIRECT,REACHABLE,True,True
CVE-2021-30533,PyMongo,DIRECT,REACHABLE,True,True
CVE-2021-33430,numpy,dead,FILTERED,True,True
CVE-2021-33503,six,dead,FILTERED,True,True
CVE-2021-41125,Scrapy,dead,FILTERED,True,True
CVE-2021-41945,httpx,dead,FILTERED,True,True
CVE-2021-43818,lxml,DIRECT,REACHABLE,True,True
CVE-2022-21712,Twisted,dead,FILTERED,True,True
CVE-2022-39227,python-jwt,DIRECT,REACHABLE,True,True
CVE-2023-25577,Werkzeug,TRANSITIVE,FILTERED,True,False
CVE-2023-28859,redis,DIRECT,REACHABLE,True,True
CVE-2023-29665,pandas,dead,FILTERED,True,True
CVE-2023-37920,certifi,TRANSITIVE,FILTERED,True,False
CVE-2023-47248,pyarrow,dead,FILTERED,True,True
CVE-2023-49081,aiohttp,dead,FILTERED,True,True
CVE-2024-33663,python-jose,DIRECT,REACHABLE,True,True
CVE-2024-3651,idna,TRANSITIVE,FILTERED,True,False
